decision_step,episode_id,action,reward,done,obs_json,next_obs_json
1,1,0,-2.6418981115023294,False,"[0.0, 0.0, 0.0, 0.0, 0.0, 0.0, 0.0, 0.009999999776482582, 0.0, 0.0025210499297827482, 0.028975320979952812, 0.028975320979952812, 0.0, 0.0, 0.0, 0.009999999776482582, 0.0, 0.0, 0.0, 0.0, 0.0, 0.0, 0.0, 0.009999999776482582, 0.0]","[0.0, 0.0, 0.0, 0.0, 0.0, 0.0, 0.0, 0.04333333298563957, 0.0, 2.0116028736083535e-06, 0.0, 0.0, 0.0, 0.07999999821186066, 0.0, 0.04333333298563957, 0.0, 0.0, 0.0, 0.0, 0.0, 0.0, 0.0, 0.04333333298563957, 0.0]"
2,1,0,-0.0,False,"[0.0, 0.0, 0.0, 0.0, 0.0, 0.0, 0.0, 0.04333333298563957, 0.0, 2.0116028736083535e-06, 0.0, 0.0, 0.0, 0.07999999821186066, 0.0, 0.04333333298563957, 0.0, 0.0, 0.0, 0.0, 0.0, 0.0, 0.0, 0.04333333298563957, 0.0]","[0.0, 0.0, 0.0, 0.0, 0.0, 0.0, 0.0, 0.0016666667070239782, 0.0, 1.6051036055841905e-09, 0.0, 0.0, 0.0, 0.05119999870657921, 0.0, 0.07666666805744171, 0.0, 0.0, 0.0, 0.0, 0.0, 0.0, 0.0, 0.07666666805744171, 0.0]"
3,1,0,-0.9330084880193075,False,"[0.0, 0.0, 0.0, 0.0, 0.0, 0.0, 0.0, 0.0016666667070239782, 0.0, 1.6051036055841905e-09, 0.0, 0.0, 0.0, 0.05119999870657921, 0.0, 0.07666666805744171, 0.0, 0.0, 0.0, 0.0, 0.0, 0.0, 0.0, 0.07666666805744171, 0.0]","[0.0, 0.0, 0.0, 0.0, 0.0, 0.0, 0.0, 0.03500000014901161, 0.0, 0.00014533351350110024, 0.06523929536342621, 0.06523929536342621, 0.0, 0.13276800513267517, 0.0, 0.10999999940395355, 0.0, 0.0, 0.0, 0.0, 0.0, 0.0, 0.0, 0.10999999940395355, 0.0]"
4,1,0,-2.685546380281449,False,"[0.0, 0.0, 0.0, 0.0, 0.0, 0.0, 0.0, 0.03500000014901161, 0.0, 0.00014533351350110024, 0.06523929536342621, 0.06523929536342621, 0.0, 0.13276800513267517, 0.0, 0.10999999940395355, 0.0, 0.0, 0.0, 0.0, 0.0, 0.0, 0.0, 0.10999999940395355, 0.0]","[0.0, 0.0, 0.0, 0.0, 0.0, 0.0, 0.0, 0.01666666753590107, 0.05000000074505806, 0.05138213932514191, 0.08196671307086945, 0.16646479070186615, 0.0, 0.3849715292453766, 0.0, 0.1433333307504654, 0.0, 0.0, 0.0, 0.0, 0.0, 0.0, 0.0, 0.1433333307504654, 0.0]"
5,1,0,-5.657290168603262,False,"[0.0, 0.0, 0.0, 0.0, 0.0, 0.0, 0.0, 0.01666666753590107, 0.05000000074505806, 0.05138213932514191, 0.08196671307086945, 0.16646479070186615, 0.0, 0.3849715292453766, 0.0, 0.1433333307504654, 0.0, 0.0, 0.0, 0.0, 0.0, 0.0, 0.0, 0.1433333307504654, 0.0]","[0.0, 0.0, 0.0, 0.0, 0.0, 0.0, 0.0, 0.05000000074505806, 0.0, 0.0006931672105565667, 0.19545716047286987, 0.27276042103767395, 0.0, 0.24638177454471588, 0.0, 0.01666666753590107, 0.0, 0.0, 0.0, 0.0, 0.0, 0.0, 0.0, 0.17666666209697723, 0.0]"
6,1,1,-9.515263260735404,False,"[0.0, 0.0, 0.0, 0.0, 0.0, 0.0, 0.0, 0.05000000074505806, 0.0, 0.0006931672105565667, 0.19545716047286987, 0.27276042103767395, 0.0, 0.24638177454471588, 0.0, 0.01666666753590107, 0.0, 0.0, 0.0, 0.0, 0.0, 0.0, 0.0, 0.17666666209697723, 0.0]","[0.0, 0.0, 0.0, 0.0, 0.0, 0.0, 0.0, 0.0833333358168602, 0.0, 5.53093798316695e-07, 0.2966851592063904, 0.2966851592063904, 0.0, 0.1576843410730362, 0.0, 0.05000000074505806, 0.0, 0.0, 0.0, 0.0, 0.0, 0.0, 0.0, 0.03333333507180214, 1.0]"
7,1,1,-1.874441385269165,False,"[0.0, 0.0, 0.0, 0.0, 0.0, 0.0, 0.0, 0.0833333358168602, 0.0, 5.53093798316695e-07, 0.2966851592063904, 0.2966851592063904, 0.0, 0.1576843410730362, 0.0, 0.05000000074505806, 0.0, 0.0, 0.0, 0.0, 0.0, 0.0, 0.0, 0.03333333507180214, 1.0]","[0.0, 0.0, 0.0, 0.0, 0.0, 0.0, 0.0, 0.11666666716337204, 0.0, 4.4132608678637553e-10, 0.0, 0.0, 0.0, 0.10091797262430191, 0.0, 0.0833333358168602, 0.0, 0.0, 0.0, 0.0, 0.0, 0.0, 0.0, 0.06666667014360428, 1.0]"
8,1,1,-0.18682392835617065,False,"[0.0, 0.0, 0.0, 0.0, 0.0, 0.0, 0.0, 0.11666666716337204, 0.0, 4.4132608678637553e-10, 0.0, 0.0, 0.0, 0.10091797262430191, 0.0, 0.0833333358168602, 0.0, 0.0, 0.0, 0.0, 0.0, 0.0, 0.0, 0.06666667014360428, 1.0]","[0.05000000074505806, 0.04411755129694939, 0.024018878117203712, 0.02662860043346882, 0.0, 0.0, 0.0, 0.15000000596046448, 0.0, 3.521440951337329e-13, 0.0, 0.0, 0.0, 0.06458750367164612, 0.0, 0.11666666716337204, 0.0, 0.0, 0.0, 0.0, 0.0, 0.0, 0.0, 0.10000000149011612, 1.0]"
9,1,1,-2.7547948241233824,False,"[0.05000000074505806, 0.04411755129694939, 0.024018878117203712, 0.02662860043346882, 0.0, 0.0, 0.0, 0.15000000596046448, 0.0, 3.521440951337329e-13, 0.0, 0.0, 0.0, 0.06458750367164612, 0.0, 0.11666666716337204, 0.0, 0.0, 0.0, 0.0, 0.0, 0.0, 0.0, 0.10000000149011612, 1.0]","[0.0, 0.017169732600450516, 0.0882420763373375, 0.14255072176456451, 0.0, 0.23999999463558197, 0.0, 0.18333333730697632, 0.0, 2.809837514333865e-16, 0.0, 0.0, 0.0, 0.04133600369095802, 0.0, 0.15000000596046448, 0.0, 0.0, 0.0, 0.0, 0.0, 0.0, 0.0, 0.13333334028720856, 1.0]"
10,1,1,-6.211120812098185,False,"[0.0, 0.017169732600450516, 0.0882420763373375, 0.14255072176456451, 0.0, 0.23999999463558197, 0.0, 0.18333333730697632, 0.0, 2.809837514333865e-16, 0.0, 0.0, 0.0, 0.04133600369095802, 0.0, 0.15000000596046448, 0.0, 0.0, 0.0, 0.0, 0.0, 0.0, 0.0, 0.13333334028720856, 1.0]","[0.0, 1.3700118870474398e-05, 0.2043367326259613, 0.2586453855037689, 0.0, 0.23360000550746918, 0.0, 0.21666666865348816, 0.0, 0.0017647349741309881, 0.03309384360909462, 0.03309384360909462, 0.0, 0.12645503878593445, 0.0, 0.01666666753590107, 0.0, 0.0, 0.0, 0.0, 0.0, 0.0, 0.0, 0.1666666716337204, 1.0]"
11,1,1,-18.180602383613586,False,"[0.0, 1.3700118870474398e-05, 0.2043367326259613, 0.2586453855037689, 0.0, 0.23360000550746918, 0.0, 0.21666666865348816, 0.0, 0.0017647349741309881, 0.03309384360909462, 0.03309384360909462, 0.0, 0.12645503878593445, 0.0, 0.01666666753590107, 0.0, 0.0, 0.0, 0.0, 0.0, 0.0, 0.0, 0.1666666716337204, 1.0]","[0.0, 1.0931635152644503e-08, 0.3907358944416046, 0.4096674621105194, 0.0, 0.14950400590896606, 0.0, 0.25, 0.0, 0.002706746803596616, 0.1216941773891449, 0.18422870337963104, 0.0, 0.1809312254190445, 0.0, 0.05000000074505806, 0.05000000074505806, 0.04988368600606918, 0.11762336641550064, 0.11762336641550064, 0.0, 0.07999999821186066, 0.0, 0.20000000298023224, 1.0]"
12,1,1,-16.55771649301998,False,"[0.0, 1.0931635152644503e-08, 0.3907358944416046, 0.4096674621105194, 0.0, 0.14950400590896606, 0.0, 0.25, 0.0, 0.002706746803596616, 0.1216941773891449, 0.18422870337963104, 0.0, 0.1809312254190445, 0.0, 0.05000000074505806, 0.05000000074505806, 0.04988368600606918, 0.11762336641550064, 0.11762336641550064, 0.0, 0.07999999821186066, 0.0, 0.20000000298023224, 1.0]","[0.20000000298023224, 0.1797170639038086, 0.17486321926116943, 0.5255194306373596, 0.05000000074505806, 0.49568256735801697, 0.0, 0.28333333134651184, 0.20000000298023224, 0.1925029754638672, 0.10022386908531189, 0.2992292642593384, 0.0, 0.5957959890365601, 0.0, 0.03166666626930237, 0.0, 0.000166071840794757, 0.0, 0.0, 0.0, 0.05119999870657921, 0.0, 0.23333333432674408, 1.0]"
13,1,0,-15.801102731029193,False,"[0.20000000298023224, 0.1797170639038086, 0.17486321926116943, 0.5255194306373596, 0.05000000074505806, 0.49568256735801697, 0.0, 0.28333333134651184, 0.20000000298023224, 0.1925029754638672, 0.10022386908531189, 0.2992292642593384, 0.0, 0.5957959890365601, 0.0, 0.03166666626930237, 0.0, 0.000166071840794757, 0.0, 0.0, 0.0, 0.05119999870657921, 0.0, 0.23333333432674408, 1.0]","[0.0, 0.029383160173892975, 0.6082034111022949, 0.6082034111022949, 0.05000000074505806, 0.39723682403564453, 0.0, 0.03333333507180214, 0.0, 0.011968209408223629, 0.07551843672990799, 0.08131765574216843, 0.0, 0.58130943775177, 0.0, 0.06499999761581421, 0.0, 1.3251248276446859e-07, 0.0, 0.0, 0.0, 0.03276799991726875, 0.0, 0.03166666626930237, 0.0]"
14,1,0,-25.524093675613404,False,"[0.0, 0.029383160173892975, 0.6082034111022949, 0.6082034111022949, 0.05000000074505806, 0.39723682403564453, 0.0, 0.03333333507180214, 0.0, 0.011968209408223629, 0.07551843672990799, 0.08131765574216843, 0.0, 0.58130943775177, 0.0, 0.06499999761581421, 0.0, 1.3251248276446859e-07, 0.0, 0.0, 0.0, 0.03276799991726875, 0.0, 0.03166666626930237, 0.0]","[0.0, 0.002213781699538231, 0.4011384844779968, 0.7336756587028503, 0.05000000074505806, 0.3542315661907196, 0.0, 0.06666667014360428, 0.0, 9.549705282552168e-06, 0.2066301852464676, 0.2066301852464676, 0.0, 0.3720380365848541, 0.0, 0.09833333641290665, 0.0, 1.0573471959096636e-10, 0.0, 0.0, 0.0, 0.020971519872546196, 0.0, 0.06499999761581421, 0.0]"
15,1,0,-22.5196458141009,False,"[0.0, 0.002213781699538231, 0.4011384844779968, 0.7336756587028503, 0.05000000074505806, 0.3542315661907196, 0.0, 0.06666667014360428, 0.0, 9.549705282552168e-06, 0.2066301852464676, 0.2066301852464676, 0.0, 0.3720380365848541, 0.0, 0.09833333641290665, 0.0, 1.0573471959096636e-10, 0.0, 0.0, 0.0, 0.020971519872546196, 0.0, 0.06499999761581421, 0.0]","[0.0, 1.7664265214989427e-06, 0.17969968914985657, 0.17969968914985657, 0.0, 0.22670820355415344, 0.0, 0.10000000149011612, 0.0, 7.619926911672792e-09, 0.3177676498889923, 0.3177676498889923, 0.0, 0.23810434341430664, 0.0, 0.1316666603088379, 0.0, 8.43681271763333e-14, 0.0, 0.0, 0.0, 0.013421772979199886, 0.0, 0.09833333641290665, 0.0]"
16,1,0,-9.787377909819286,False,"[0.0, 1.7664265214989427e-06, 0.17969968914985657, 0.17969968914985657, 0.0, 0.22670820355415344, 0.0, 0.10000000149011612, 0.0, 7.619926911672792e-09, 0.3177676498889923, 0.3177676498889923, 0.0, 0.23810434341430664, 0.0, 0.1316666603088379, 0.0, 8.43681271763333e-14, 0.0, 0.0, 0.0, 0.013421772979199886, 0.0, 0.09833333641290665, 0.0]","[0.0, 1.409471761526504e-09, 0.29235413670539856, 0.29235413670539856, 0.0, 0.14509324729442596, 0.0, 0.13333334028720856, 0.05000000074505806, 0.04411755129694939, 0.028650028631091118, 0.028650028631091118, 0.0, 0.15238678455352783, 0.0, 0.16500000655651093, 0.0, 6.7319240502236e-17, 0.0, 0.0, 0.0, 0.008589934557676315, 0.0, 0.1316666603088379, 0.0]"
17,1,0,-16.306136723359426,False,"[0.0, 1.409471761526504e-09, 0.29235413670539856, 0.29235413670539856, 0.0, 0.14509324729442596, 0.0, 0.13333334028720856, 0.05000000074505806, 0.04411755129694939, 0.028650028631091118, 0.028650028631091118, 0.0, 0.15238678455352783, 0.0, 0.16500000655651093, 0.0, 6.7319240502236e-17, 0.0, 0.0, 0.0, 0.008589934557676315, 0.0, 0.1316666603088379, 0.0]","[0.0, 1.1246494187322487e-12, 0.39745616912841797, 0.39745616912841797, 0.0, 0.09285968542098999, 0.0, 0.1666666716337204, 0.05000000074505806, 0.057914361357688904, 0.06025896593928337, 0.06025896593928337, 0.0, 0.2775275409221649, 0.0, 0.19833333790302277, 0.0, 5.3715548322022277e-20, 0.0, 0.0, 0.0, 0.005497558042407036, 0.0, 0.16500000655651093, 0.0]"
18,1,1,-19.961758621533715,False,"[0.0, 1.1246494187322487e-12, 0.39745616912841797, 0.39745616912841797, 0.0, 0.09285968542098999, 0.0, 0.1666666716337204, 0.05000000074505806, 0.057914361357688904, 0.06025896593928337, 0.06025896593928337, 0.0, 0.2775275409221649, 0.0, 0.19833333790302277, 0.0, 5.3715548322022277e-20, 0.0, 0.0, 0.0, 0.005497558042407036, 0.0, 0.16500000655651093, 0.0]","[0.0, 8.973833384961745e-16, 0.5126895904541016, 0.5126895904541016, 0.05000000074505806, 0.05943019688129425, 0.0, 0.03333333507180214, 0.0, 0.0006983794155530632, 0.0, 0.0, 0.0, 0.1776176244020462, 0.0, 0.03333333507180214, 0.0, 4.286085139723666e-23, 0.0, 0.0, 0.0, 0.0035184372682124376, 0.0, 0.03166666626930237, 1.0]"
19,1,1,-23.322016235192617,False,"[0.0, 8.973833384961745e-16, 0.5126895904541016, 0.5126895904541016, 0.05000000074505806, 0.05943019688129425, 0.0, 0.03333333507180214, 0.0, 0.0006983794155530632, 0.0, 0.0, 0.0, 0.1776176244020462, 0.0, 0.03333333507180214, 0.0, 4.286085139723666e-23, 0.0, 0.0, 0.0, 0.0035184372682124376, 0.0, 0.03166666626930237, 1.0]","[0.0, 7.160424866067811e-19, 0.6137037873268127, 0.6137037873268127, 0.05000000074505806, 0.038035325706005096, 0.0, 0.06666667014360428, 0.0, 5.57252747057646e-07, 0.0, 0.0, 0.0, 0.11367528140544891, 0.0, 0.06666667014360428, 0.0, 3.41996470614179e-26, 0.0, 0.0, 0.0, 0.0022517999168485403, 0.0, 0.013333333656191826, 1.0]"
20,1,1,-1.2705387274424236,False,"[0.0, 7.160424866067811e-19, 0.6137037873268127, 0.6137037873268127, 0.05000000074505806, 0.038035325706005096, 0.0, 0.06666667014360428, 0.0, 5.57252747057646e-07, 0.0, 0.0, 0.0, 0.11367528140544891, 0.0, 0.06666667014360428, 0.0, 3.41996470614179e-26, 0.0, 0.0, 0.0, 0.0022517999168485403, 0.0, 0.013333333656191826, 1.0]","[0.0, 5.71346533397769e-22, 0.0, 0.0, 0.0, 0.024342607706785202, 0.0, 0.013333333656191826, 0.0, 4.4464459891813135e-10, 0.0, 0.0, 0.0, 0.07275217771530151, 0.0, 0.10000000149011612, 0.0, 2.7288672910158417e-29, 0.0, 0.0, 0.0, 0.0014411518350243568, 0.0, 0.046666666865348816, 1.0]"
21,1,1,-0.0,False,"[0.0, 5.71346533397769e-22, 0.0, 0.0, 0.0, 0.024342607706785202, 0.0, 0.013333333656191826, 0.0, 4.4464459891813135e-10, 0.0, 0.0, 0.0, 0.07275217771530151, 0.0, 0.10000000149011612, 0.0, 2.7288672910158417e-29, 0.0, 0.0, 0.0, 0.0014411518350243568, 0.0, 0.046666666865348816, 1.0]","[0.0, 4.558903099134355e-25, 0.0, 0.0, 0.0, 0.015579269267618656, 0.0, 0.046666666865348816, 0.0, 3.5479201499453994e-13, 0.0, 0.0, 0.0, 0.04656139388680458, 0.0, 0.13333334028720856, 0.0, 2.1774250505673442e-32, 0.0, 0.0, 0.0, 0.0009223372326232493, 0.0, 0.07999999821186066, 1.0]"
22,1,1,-0.0,False,"[0.0, 4.558903099134355e-25, 0.0, 0.0, 0.0, 0.015579269267618656, 0.0, 0.046666666865348816, 0.0, 3.5479201499453994e-13, 0.0, 0.0, 0.0, 0.04656139388680458, 0.0, 0.13333334028720856, 0.0, 2.1774250505673442e-32, 0.0, 0.0, 0.0, 0.0009223372326232493, 0.0, 0.07999999821186066, 1.0]","[0.0, 3.63765218256989e-28, 0.0, 0.0, 0.0, 0.009970732033252716, 0.0, 0.07999999821186066, 0.0, 2.8309659571097354e-16, 0.0, 0.0, 0.0, 0.029799291864037514, 0.0, 0.1666666716337204, 0.0, 1.7374168107419531e-35, 0.0, 0.0, 0.0, 0.0005902958218939602, 0.0, 0.1133333370089531, 1.0]"
23,1,1,-0.0,False,"[0.0, 3.63765218256989e-28, 0.0, 0.0, 0.0, 0.009970732033252716, 0.0, 0.07999999821186066, 0.0, 2.8309659571097354e-16, 0.0, 0.0, 0.0, 0.029799291864037514, 0.0, 0.1666666716337204, 0.0, 1.7374168107419531e-35, 0.0, 0.0, 0.0, 0.0005902958218939602, 0.0, 0.1133333370089531, 1.0]","[0.0, 2.9025652105843065e-31, 0.0, 0.0, 0.0, 0.006381268613040447, 0.0, 0.1133333370089531, 0.0, 2.258891700129716e-19, 0.0, 0.0, 0.0, 0.01907154731452465, 0.0, 0.20000000298023224, 0.0, 1.386324188935042e-38, 0.0, 0.0, 0.0, 0.00037778931437060237, 0.0, 0.14666666090488434, 1.0]"
24,1,1,-0.0,False,"[0.0, 2.9025652105843065e-31, 0.0, 0.0, 0.0, 0.006381268613040447, 0.0, 0.1133333370089531, 0.0, 2.258891700129716e-19, 0.0, 0.0, 0.0, 0.01907154731452465, 0.0, 0.20000000298023224, 0.0, 1.386324188935042e-38, 0.0, 0.0, 0.0, 0.00037778931437060237, 0.0, 0.14666666090488434, 1.0]","[0.0, 2.3160225660711603e-34, 0.0, 0.0, 0.0, 0.004084012005478144, 0.0, 0.14666666090488434, 0.0, 1.8024209506851766e-22, 0.0, 0.0, 0.0, 0.012205789797008038, 0.0, 0.23333333432674408, 0.0, 1.1061850077380106e-41, 0.0, 0.0, 0.0, 0.00024178516468964517, 0.0, 0.18000000715255737, 1.0]"
25,1,1,-0.037442715962727864,False,"[0.0, 2.3160225660711603e-34, 0.0, 0.0, 0.0, 0.004084012005478144, 0.0, 0.14666666090488434, 0.0, 1.8024209506851766e-22, 0.0, 0.0, 0.0, 0.012205789797008038, 0.0, 0.23333333432674408, 0.0, 1.1061850077380106e-41, 0.0, 0.0, 0.0, 0.00024178516468964517, 0.0, 0.18000000715255737, 1.0]","[0.0, 1.8480068550675795e-37, 0.0, 0.0, 0.0, 0.002613767748698592, 0.0, 0.013333333656191826, 0.0, 0.007350000087171793, 0.009618236683309078, 0.009618236683309078, 0.0, 0.007811705581843853, 0.0, 0.2666666805744171, 0.0, 8.407790785948902e-45, 0.0, 0.0, 0.0, 0.0001547425054013729, 0.0, 0.2133333384990692, 1.0]"
26,1,1,-1.9248758514722188,False,"[0.0, 1.8480068550675795e-37, 0.0, 0.0, 0.0, 0.002613767748698592, 0.0, 0.013333333656191826, 0.0, 0.007350000087171793, 0.009618236683309078, 0.009618236683309078, 0.0, 0.007811705581843853, 0.0, 0.2666666805744171, 0.0, 8.407790785948902e-45, 0.0, 0.0, 0.0, 0.0001547425054013729, 0.0, 0.2133333384990692, 1.0]","[0.0, 1.4745723610243618e-40, 0.0, 0.0, 0.0, 0.0016728113405406475, 0.0, 0.046666666865348816, 0.05000000074505806, 0.04931379854679108, 0.08082083612680435, 0.10886282473802567, 0.0, 0.1849994957447052, 0.0, 0.30000001192092896, 0.0, 0.0, 0.0, 0.0, 0.0, 9.90352054941468e-05, 0.0, 0.24666666984558105, 1.0]"
27,1,1,-7.174171441793442,False,"[0.0, 1.4745723610243618e-40, 0.0, 0.0, 0.0, 0.0016728113405406475, 0.0, 0.046666666865348816, 0.05000000074505806, 0.04931379854679108, 0.08082083612680435, 0.10886282473802567, 0.0, 0.1849994957447052, 0.0, 0.30000001192092896, 0.0, 0.0, 0.0, 0.0, 0.0, 9.90352054941468e-05, 0.0, 0.24666666984558105, 1.0]","[0.0, 1.1770907100328463e-43, 0.0, 0.0, 0.0, 0.0010705993045121431, 0.0, 0.028333334252238274, 0.0, 0.0009881157893687487, 0.27084100246429443, 0.27084100246429443, 0.0, 0.11839967221021652, 0.0, 0.3333333432674408, 0.0, 0.0, 0.0, 0.0, 0.0, 6.338253297144547e-05, 0.0, 0.2800000011920929, 1.0]"
28,1,1,-7.805431918303172,False,"[0.0, 1.1770907100328463e-43, 0.0, 0.0, 0.0, 0.0010705993045121431, 0.0, 0.028333334252238274, 0.0, 0.0009881157893687487, 0.27084100246429443, 0.27084100246429443, 0.0, 0.11839967221021652, 0.0, 0.3333333432674408, 0.0, 0.0, 0.0, 0.0, 0.0, 6.338253297144547e-05, 0.0, 0.2800000011920929, 1.0]","[0.0, 0.0, 0.0, 0.0, 0.0, 0.0006851835059933364, 0.0, 0.061666667461395264, 0.0, 7.884400474722497e-07, 0.0, 0.0, 0.0, 0.07577579468488693, 0.0, 0.36666667461395264, 0.0, 0.0, 0.0, 0.0, 0.0, 4.0564820665167645e-05, 0.0, 0.31333333253860474, 1.0]"
29,1,1,-0.0,False,"[0.0, 0.0, 0.0, 0.0, 0.0, 0.0006851835059933364, 0.0, 0.061666667461395264, 0.0, 7.884400474722497e-07, 0.0, 0.0, 0.0, 0.07577579468488693, 0.0, 0.36666667461395264, 0.0, 0.0, 0.0, 0.0, 0.0, 4.0564820665167645e-05, 0.0, 0.31333333253860474, 1.0]","[0.0, 0.0, 0.0, 0.0, 0.0, 0.0004385174543131143, 0.0, 0.0949999988079071, 0.0, 6.291141496639341e-10, 0.0, 0.0, 0.0, 0.04849650710821152, 0.0, 0.4000000059604645, 0.0, 0.0, 0.0, 0.0, 0.0, 2.5961484425351955e-05, 0.0, 0.3466666638851166, 1.0]"
30,1,1,-0.0,False,"[0.0, 0.0, 0.0, 0.0, 0.0, 0.0004385174543131143, 0.0, 0.0949999988079071, 0.0, 6.291141496639341e-10, 0.0, 0.0, 0.0, 0.04849650710821152, 0.0, 0.4000000059604645, 0.0, 0.0, 0.0, 0.0, 0.0, 2.5961484425351955e-05, 0.0, 0.3466666638851166, 1.0]","[0.0, 0.0, 0.0, 0.0, 0.0, 0.00028065117658115923, 0.0, 0.12833333015441895, 0.0, 5.019844674485074e-13, 0.0, 0.0, 0.0, 0.031037764623761177, 0.0, 0.4333333373069763, 0.0, 0.0, 0.0, 0.0, 0.0, 1.6615349522908218e-05, 0.0, 0.3799999952316284, 1.0]"
31,1,1,-1.1558069096671209,False,"[0.0, 0.0, 0.0, 0.0, 0.0, 0.00028065117658115923, 0.0, 0.12833333015441895, 0.0, 5.019844674485074e-13, 0.0, 0.0, 0.0, 0.031037764623761177, 0.0, 0.4333333373069763, 0.0, 0.0, 0.0, 0.0, 0.0, 1.6615349522908218e-05, 0.0, 0.3799999952316284, 1.0]","[0.05000000074505806, 0.04623233526945114, 0.054255008697509766, 0.07716737687587738, 0.0, 0.20017962157726288, 0.0, 0.1616666615009308, 0.0, 4.0054475480915633e-16, 0.0, 0.0, 0.0, 0.019864169880747795, 0.0, 0.46666666865348816, 0.0, 0.0, 0.0, 0.0, 0.0, 1.06338238765602e-05, 0.0, 0.41333332657814026, 1.0]"
32,1,0,-4.414268216821882,False,"[0.05000000074505806, 0.04623233526945114, 0.054255008697509766, 0.07716737687587738, 0.0, 0.20017962157726288, 0.0, 0.1616666615009308, 0.0, 4.0054475480915633e-16, 0.0, 0.0, 0.0, 0.019864169880747795, 0.0, 0.46666666865348816, 0.0, 0.0, 0.0, 0.0, 0.0, 1.06338238765602e-05, 0.0, 0.41333332657814026, 1.0]","[0.0, 0.0001133089535869658, 0.15540239214897156, 0.17831476032733917, 0.0, 0.20811495184898376, 0.0, 0.03333333507180214, 0.0, 3.1960374448216017e-19, 0.0, 0.0, 0.0, 0.012713068164885044, 0.0, 0.03333333507180214, 0.0, 0.0, 0.0, 0.0, 0.0, 6.805647444707574e-06, 0.0, 0.4466666579246521, 0.0]"
33,1,0,-5.419243813128701,False,"[0.0, 0.0001133089535869658, 0.15540239214897156, 0.17831476032733917, 0.0, 0.20811495184898376, 0.0, 0.03333333507180214, 0.0, 3.1960374448216017e-19, 0.0, 0.0, 0.0, 0.012713068164885044, 0.0, 0.03333333507180214, 0.0, 0.0, 0.0, 0.0, 0.0, 6.805647444707574e-06, 0.0, 0.4466666579246521, 0.0]","[0.10000000149011612, 0.09205834567546844, 0.10380510240793228, 0.27584221959114075, 0.0, 0.433193564414978, 0.0, 0.06666667014360428, 0.0, 2.5501906593330777e-22, 0.0, 0.0, 0.0, 0.008136363700032234, 0.0, 0.028333334252238274, 0.0, 0.0, 0.0, 0.0, 0.0, 4.355614237283589e-06, 0.0, 0.47999998927116394, 0.0]"
34,1,0,-6.192079755919321,False,"[0.10000000149011612, 0.09205834567546844, 0.10380510240793228, 0.27584221959114075, 0.0, 0.433193564414978, 0.0, 0.06666667014360428, 0.0, 2.5501906593330777e-22, 0.0, 0.0, 0.0, 0.008136363700032234, 0.0, 0.028333334252238274, 0.0, 0.0, 0.0, 0.0, 0.0, 4.355614237283589e-06, 0.0, 0.47999998927116394, 0.0]","[0.0, 0.020026063546538353, 0.220696821808815, 0.37536755204200745, 0.0, 0.43724387884140015, 0.0, 0.10000000149011612, 0.0, 2.034854995363538e-25, 0.0, 0.0, 0.0, 0.005207272712141275, 0.0, 0.009999999776482582, 0.0, 0.0, 0.0, 0.0, 0.0, 2.787593075481709e-06, 0.0, 0.5133333206176758, 0.0]"
35,1,0,-13.921228267086876,False,"[0.0, 0.020026063546538353, 0.220696821808815, 0.37536755204200745, 0.0, 0.43724387884140015, 0.0, 0.10000000149011612, 0.0, 2.034854995363538e-25, 0.0, 0.0, 0.0, 0.005207272712141275, 0.0, 0.009999999776482582, 0.0, 0.0, 0.0, 0.0, 0.0, 2.787593075481709e-06, 0.0, 0.5133333206176758, 0.0]","[0.0, 1.5979250747477636e-05, 0.37246108055114746, 0.47407856583595276, 0.0, 0.27983608841896057, 0.0, 0.13333334028720856, 0.05000000074505806, 0.04202021285891533, 0.029070353135466576, 0.0511256642639637, 0.0, 0.10333265364170074, 0.0, 0.04333333298563957, 0.05000000074505806, 0.05040161311626434, 0.07527995109558105, 0.08974189311265945, 0.0, 0.2600017786026001, 0.0, 0.009999999776482582, 0.0]"
36,1,0,-26.500337273213596,False,"[0.0, 1.5979250747477636e-05, 0.37246108055114746, 0.47407856583595276, 0.0, 0.27983608841896057, 0.0, 0.13333334028720856, 0.05000000074505806, 0.04202021285891533, 0.029070353135466576, 0.0511256642639637, 0.0, 0.10333265364170074, 0.0, 0.04333333298563957, 0.05000000074505806, 0.05040161311626434, 0.07527995109558105, 0.08974189311265945, 0.0, 0.2600017786026001, 0.0, 0.009999999776482582, 0.0]","[0.0, 1.2750205335976261e-08, 0.48512569069862366, 0.586743175983429, 0.05000000074505806, 0.1790950894355774, 0.0, 0.1666666716337204, 0.0, 0.017316579818725586, 0.1239519715309143, 0.1640486866235733, 0.0, 0.3261328935623169, 0.0, 0.07666666805744171, 0.0, 8.174113463610411e-05, 0.19824185967445374, 0.19824185967445374, 0.0, 0.16640114784240723, 0.0, 0.04333333298563957, 0.0]"
37,1,1,-41.8767477452755,False,"[0.0, 1.2750205335976261e-08, 0.48512569069862366, 0.586743175983429, 0.05000000074505806, 0.1790950894355774, 0.0, 0.1666666716337204, 0.0, 0.017316579818725586, 0.1239519715309143, 0.1640486866235733, 0.0, 0.3261328935623169, 0.0, 0.07666666805744171, 0.0, 8.174113463610411e-05, 0.19824185967445374, 0.19824185967445374, 0.0, 0.16640114784240723, 0.0, 0.04333333298563957, 0.0]","[0.0, 1.0173677872371556e-11, 0.6975811719894409, 0.6975811719894409, 0.05000000074505806, 0.1146208643913269, 0.0, 0.03333333507180214, 0.0, 1.3817290891893208e-05, 0.27517426013946533, 0.27517426013946533, 0.0, 0.20872505009174347, 0.0, 0.03333333507180214, 0.0, 6.522310513901175e-08, 0.3094788193702698, 0.3094788193702698, 0.0, 0.10649672895669937, 0.0, 0.07666666805744171, 1.0]"
38,1,1,-32.841332987944284,False,"[0.0, 1.0173677872371556e-11, 0.6975811719894409, 0.6975811719894409, 0.05000000074505806, 0.1146208643913269, 0.0, 0.03333333507180214, 0.0, 1.3817290891893208e-05, 0.27517426013946533, 0.27517426013946533, 0.0, 0.20872505009174347, 0.0, 0.03333333507180214, 0.0, 6.522310513901175e-08, 0.3094788193702698, 0.3094788193702698, 0.0, 0.10649672895669937, 0.0, 0.07666666805744171, 1.0]","[0.0, 0.0002965989988297224, 0.05784136801958084, 0.05784136801958084, 0.0, 0.17335735261440277, 0.0, 0.06666667014360428, 0.0, 1.1025130142172657e-08, 0.0, 0.0, 0.0, 0.13358403742313385, 0.0, 0.06666667014360428, 0.0, 5.204299491357034e-11, 0.42186030745506287, 0.42186030745506287, 0.0, 0.06815791130065918, 0.0, 0.10999999940395355, 1.0]"
39,1,1,-23.261329504516386,False,"[0.0, 0.0002965989988297224, 0.05784136801958084, 0.05784136801958084, 0.0, 0.17335735261440277, 0.0, 0.06666667014360428, 0.0, 1.1025130142172657e-08, 0.0, 0.0, 0.0, 0.13358403742313385, 0.0, 0.06666667014360428, 0.0, 5.204299491357034e-11, 0.42186030745506287, 0.42186030745506287, 0.0, 0.06815791130065918, 0.0, 0.10999999940395355, 1.0]","[0.05000000074505806, 0.04961687698960304, 0.047999296337366104, 0.05038803443312645, 0.0, 0.3109486997127533, 0.0, 0.10000000149011612, 0.0, 0.00047178464592434466, 0.08247888088226318, 0.09464876353740692, 0.0, 0.265493780374527, 0.0, 0.10000000149011612, 0.0, 4.152628490638327e-14, 0.5219092965126038, 0.5219092965126038, 0.05000000074505806, 0.04362105950713158, 0.0, 0.1433333307504654, 1.0]"
40,1,1,-26.28983257015546,False,"[0.05000000074505806, 0.04961687698960304, 0.047999296337366104, 0.05038803443312645, 0.0, 0.3109486997127533, 0.0, 0.10000000149011612, 0.0, 0.00047178464592434466, 0.08247888088226318, 0.09464876353740692, 0.0, 0.265493780374527, 0.0, 0.10000000149011612, 0.0, 4.152628490638327e-14, 0.5219092965126038, 0.5219092965126038, 0.05000000074505806, 0.04362105950713158, 0.0, 0.1433333307504654, 1.0]","[0.0, 0.006557070650160313, 0.08768246322870255, 0.15734747052192688, 0.0, 0.19900716841220856, 0.0, 0.13333334028720856, 0.0, 0.0036018765531480312, 0.11496695876121521, 0.20606836676597595, 0.0, 0.16991601884365082, 0.0, 0.13333334028720856, 0.0, 3.3134764226285755e-17, 0.0, 0.0, 0.0, 0.02791747823357582, 0.0, 0.009999999776482582, 1.0]"
41,1,1,-10.871920462449392,False,"[0.0, 0.006557070650160313, 0.08768246322870255, 0.15734747052192688, 0.0, 0.19900716841220856, 0.0, 0.13333334028720856, 0.0, 0.0036018765531480312, 0.11496695876121521, 0.20606836676597595, 0.0, 0.16991601884365082, 0.0, 0.13333334028720856, 0.0, 3.3134764226285755e-17, 0.0, 0.0, 0.0, 0.02791747823357582, 0.0, 0.009999999776482582, 1.0]","[0.0, 5.232035164226545e-06, 0.1882237195968628, 0.2578887343406677, 0.0, 0.20736458897590637, 0.0, 0.1666666716337204, 0.0, 0.000426586891990155, 0.08712790161371231, 0.1240767166018486, 0.0, 0.28874626755714417, 0.0, 0.1666666716337204, 0.0, 2.6438978432989223e-20, 0.0, 0.0, 0.0, 0.017867187038064003, 0.0, 0.04333333298563957, 1.0]"
42,1,1,-15.097514645258586,False,"[0.0, 5.232035164226545e-06, 0.1882237195968628, 0.2578887343406677, 0.0, 0.20736458897590637, 0.0, 0.1666666716337204, 0.0, 0.000426586891990155, 0.08712790161371231, 0.1240767166018486, 0.0, 0.28874626755714417, 0.0, 0.1666666716337204, 0.0, 2.6438978432989223e-20, 0.0, 0.0, 0.0, 0.017867187038064003, 0.0, 0.04333333298563957, 1.0]","[0.0, 4.17475964908931e-09, 0.2865029275417328, 0.35616791248321533, 0.0, 0.13271333277225494, 0.0, 0.20000000298023224, 0.0, 3.403833375159593e-07, 0.18558183312416077, 0.22253064811229706, 0.0, 0.18479759991168976, 0.0, 0.20000000298023224, 0.0, 2.109625948600128e-23, 0.0, 0.0, 0.0, 0.011434999294579029, 0.0, 0.02500000037252903, 1.0]"
43,1,1,-22.408806232611337,False,"[0.0, 4.17475964908931e-09, 0.2865029275417328, 0.35616791248321533, 0.0, 0.13271333277225494, 0.0, 0.20000000298023224, 0.0, 3.403833375159593e-07, 0.18558183312416077, 0.22253064811229706, 0.0, 0.18479759991168976, 0.0, 0.20000000298023224, 0.0, 2.109625948600128e-23, 0.0, 0.0, 0.0, 0.011434999294579029, 0.0, 0.02500000037252903, 1.0]","[0.0, 3.3311352808096384e-12, 0.38490670919418335, 0.4545717239379883, 0.0, 0.08493653684854507, 0.0, 0.02500000037252903, 0.0, 2.7159957616262886e-10, 0.2467205673456192, 0.2467205673456192, 0.0, 0.11827046424150467, 0.0, 0.23333333432674408, 0.0, 1.683318392251238e-26, 0.0, 0.0, 0.0, 0.007318399380892515, 0.0, 0.05833333358168602, 1.0]"
44,1,1,-15.550158480803171,False,"[0.0, 3.3311352808096384e-12, 0.38490670919418335, 0.4545717239379883, 0.0, 0.08493653684854507, 0.0, 0.02500000037252903, 0.0, 2.7159957616262886e-10, 0.2467205673456192, 0.2467205673456192, 0.0, 0.11827046424150467, 0.0, 0.23333333432674408, 0.0, 1.683318392251238e-26, 0.0, 0.0, 0.0, 0.007318399380892515, 0.0, 0.05833333358168602, 1.0]","[0.0, 2.6579883296928104e-15, 0.41161033511161804, 0.41161033511161804, 0.0, 0.05435938388109207, 0.0, 0.05833333358168602, 0.0, 2.1671546664419478e-13, 0.0, 0.0, 0.0, 0.07569310069084167, 0.0, 0.2666666805744171, 0.0, 1.3431578372269643e-29, 0.0, 0.0, 0.0, 0.004683775827288628, 0.0, 0.09166666865348816, 1.0]"
45,1,1,-18.86094616254171,False,"[0.0, 2.6579883296928104e-15, 0.41161033511161804, 0.41161033511161804, 0.0, 0.05435938388109207, 0.0, 0.05833333358168602, 0.0, 2.1671546664419478e-13, 0.0, 0.0, 0.0, 0.07569310069084167, 0.0, 0.2666666805744171, 0.0, 1.3431578372269643e-29, 0.0, 0.0, 0.0, 0.004683775827288628, 0.0, 0.09166666865348816, 1.0]","[0.0, 2.120868963504577e-18, 0.5169872045516968, 0.5169872045516968, 0.05000000074505806, 0.034790005534887314, 0.0, 0.09166666865348816, 0.0, 1.7292218646354924e-16, 0.0, 0.0, 0.0, 0.04844358190894127, 0.0, 0.30000001192092896, 0.0, 1.0717361093374935e-32, 0.0, 0.0, 0.0, 0.0029976165387779474, 0.0, 0.125, 1.0]"
46,1,1,-11.25598129828771,False,"[0.0, 2.120868963504577e-18, 0.5169872045516968, 0.5169872045516968, 0.05000000074505806, 0.034790005534887314, 0.0, 0.09166666865348816, 0.0, 1.7292218646354924e-16, 0.0, 0.0, 0.0, 0.04844358190894127, 0.0, 0.30000001192092896, 0.0, 1.0717361093374935e-32, 0.0, 0.0, 0.0, 0.0029976165387779474, 0.0, 0.125, 1.0]","[0.0, 1.6922894554806899e-21, 0.0, 0.0, 0.0, 0.0222656037658453, 0.0, 0.125, 0.0, 1.3797853416115548e-19, 0.0, 0.0, 0.0, 0.031003892421722412, 0.0, 0.3333333432674408, 0.0, 8.551625261947101e-36, 0.0, 0.0, 0.0, 0.001918474561534822, 0.0, 0.15833333134651184, 1.0]"
47,1,1,-0.0,False,"[0.0, 1.6922894554806899e-21, 0.0, 0.0, 0.0, 0.0222656037658453, 0.0, 0.125, 0.0, 1.3797853416115548e-19, 0.0, 0.0, 0.0, 0.031003892421722412, 0.0, 0.3333333432674408, 0.0, 8.551625261947101e-36, 0.0, 0.0, 0.0, 0.001918474561534822, 0.0, 0.15833333134651184, 1.0]","[0.0, 1.3503160884330573e-24, 0.0, 0.0, 0.0, 0.014249986037611961, 0.0, 0.15833333134651184, 0.0, 1.100961921012563e-22, 0.0, 0.0, 0.0, 0.019842490553855896, 0.0, 0.36666667461395264, 0.0, 6.823535991524909e-39, 0.0, 0.0, 0.0, 0.0012278236681595445, 0.0, 0.19166666269302368, 1.0]"
48,1,1,-0.0,False,"[0.0, 1.3503160884330573e-24, 0.0, 0.0, 0.0, 0.014249986037611961, 0.0, 0.15833333134651184, 0.0, 1.100961921012563e-22, 0.0, 0.0, 0.0, 0.019842490553855896, 0.0, 0.36666667461395264, 0.0, 6.823535991524909e-39, 0.0, 0.0, 0.0, 0.0012278236681595445, 0.0, 0.19166666269302368, 1.0]","[0.0, 1.077447833284834e-27, 0.0, 0.0, 0.0, 0.009119991213083267, 0.0, 0.02500000037252903, 0.0, 8.784824682167977e-26, 0.0, 0.0, 0.0, 0.012699194252490997, 0.0, 0.4000000059604645, 0.0, 5.4440445339019143e-42, 0.0, 0.0, 0.0, 0.0007858071476221085, 0.0, 0.22499999403953552, 1.0]"
49,1,1,-1.686743974685669,False,"[0.0, 1.077447833284834e-27, 0.0, 0.0, 0.0, 0.009119991213083267, 0.0, 0.02500000037252903, 0.0, 8.784824682167977e-26, 0.0, 0.0, 0.0, 0.012699194252490997, 0.0, 0.4000000059604645, 0.0, 5.4440445339019143e-42, 0.0, 0.0, 0.0, 0.0007858071476221085, 0.0, 0.22499999403953552, 1.0]","[0.0, 8.597200808467716e-31, 0.0, 0.0, 0.0, 0.005836794152855873, 0.0, 0.006666666828095913, 0.0, 5.199291990720667e-05, 0.08922631293535233, 0.09392151981592178, 0.0, 0.16812747716903687, 0.0, 0.4333333373069763, 0.0, 4.203895392974451e-45, 0.0, 0.0, 0.0, 0.0005029165768064559, 0.0, 0.25833332538604736, 1.0]"
50,1,1,-3.9071364561716715,False,"[0.0, 8.597200808467716e-31, 0.0, 0.0, 0.0, 0.005836794152855873, 0.0, 0.006666666828095913, 0.0, 5.199291990720667e-05, 0.08922631293535233, 0.09392151981592178, 0.0, 0.16812747716903687, 0.0, 0.4333333373069763, 0.0, 4.203895392974451e-45, 0.0, 0.0, 0.0, 0.0005029165768064559, 0.0, 0.25833332538604736, 1.0]","[0.0, 6.859901259715742e-34, 0.0, 0.0, 0.0, 0.0037355483509600163, 0.0, 0.03999999910593033, 0.0, 0.0002966405008919537, 0.055293429642915726, 0.055293429642915726, 0.0, 0.20760159194469452, 0.0, 0.46666666865348816, 0.0, 0.0, 0.0, 0.0, 0.0, 0.0003218666242901236, 0.0, 0.2916666567325592, 1.0]"
51,1,1,-4.3106414675712585,False,"[0.0, 6.859901259715742e-34, 0.0, 0.0, 0.0, 0.0037355483509600163, 0.0, 0.03999999910593033, 0.0, 0.0002966405008919537, 0.055293429642915726, 0.055293429642915726, 0.0, 0.20760159194469452, 0.0, 0.46666666865348816, 0.0, 0.0, 0.0, 0.0, 0.0, 0.0003218666242901236, 0.0, 0.2916666567325592, 1.0]","[0.0, 5.473670449723038e-37, 0.0, 0.0, 0.0, 0.002390750916674733, 0.0, 0.07333333045244217, 0.0, 2.3669618087751587e-07, 0.15571175515651703, 0.15571175515651703, 0.0, 0.13286501169204712, 0.0, 0.5, 0.0, 0.0, 0.0, 0.0, 0.0, 0.00020599464187398553, 0.0, 0.32499998807907104, 1.0]"
52,1,1,-8.474128198623657,False,"[0.0, 5.473670449723038e-37, 0.0, 0.0, 0.0, 0.002390750916674733, 0.0, 0.07333333045244217, 0.0, 2.3669618087751587e-07, 0.15571175515651703, 0.15571175515651703, 0.0, 0.13286501169204712, 0.0, 0.5, 0.0, 0.0, 0.0, 0.0, 0.0, 0.00020599464187398553, 0.0, 0.32499998807907104, 1.0]","[0.0, 4.36756705360759e-40, 0.0, 0.0, 0.0, 0.0015300805680453777, 0.0, 0.1066666692495346, 0.0, 1.888652428894133e-10, 0.2646230459213257, 0.2646230459213257, 0.0, 0.0850336104631424, 0.0, 0.5333333611488342, 0.0, 0.0, 0.0, 0.0, 0.0, 0.0001318365684710443, 0.0, 0.3583333194255829, 1.0]"
53,1,1,-1.6417823553085327,False,"[0.0, 4.36756705360759e-40, 0.0, 0.0, 0.0, 0.0015300805680453777, 0.0, 0.1066666692495346, 0.0, 1.888652428894133e-10, 0.2646230459213257, 0.2646230459213257, 0.0, 0.0850336104631424, 0.0, 0.5333333611488342, 0.0, 0.0, 0.0, 0.0, 0.0, 0.0001318365684710443, 0.0, 0.3583333194255829, 1.0]","[0.0, 3.4892331761687945e-43, 0.0, 0.0, 0.0, 0.0009792515775188804, 0.0, 0.14000000059604645, 0.0, 1.5069986003448527e-13, 0.0, 0.0, 0.0, 0.05442151054739952, 0.0, 0.5666666626930237, 0.0, 0.0, 0.0, 0.0, 0.0, 8.437540236627683e-05, 0.0, 0.3916666805744171, 1.0]"
54,1,1,-0.0,False,"[0.0, 3.4892331761687945e-43, 0.0, 0.0, 0.0, 0.0009792515775188804, 0.0, 0.14000000059604645, 0.0, 1.5069986003448527e-13, 0.0, 0.0, 0.0, 0.05442151054739952, 0.0, 0.5666666626930237, 0.0, 0.0, 0.0, 0.0, 0.0, 8.437540236627683e-05, 0.0, 0.3916666805744171, 1.0]","[0.0, 0.0, 0.0, 0.0, 0.0, 0.0006267210119403899, 0.0, 0.1733333319425583, 0.0, 1.202468353652498e-16, 0.0, 0.0, 0.0, 0.0348297655582428, 0.0, 0.6000000238418579, 0.0, 0.0, 0.0, 0.0, 0.0, 5.4000258387532085e-05, 0.0, 0.42500001192092896, 1.0]"
55,1,1,-0.0,False,"[0.0, 0.0, 0.0, 0.0, 0.0, 0.0006267210119403899, 0.0, 0.1733333319425583, 0.0, 1.202468353652498e-16, 0.0, 0.0, 0.0, 0.0348297655582428, 0.0, 0.6000000238418579, 0.0, 0.0, 0.0, 0.0, 0.0, 5.4000258387532085e-05, 0.0, 0.42500001192092896, 1.0]","[0.0, 0.0, 0.0, 0.0, 0.0, 0.0004011014534626156, 0.0, 0.20666666328907013, 0.0, 9.594767131739765e-20, 0.0, 0.0, 0.0, 0.022291051223874092, 0.0, 0.006666666828095913, 0.0, 0.0, 0.0, 0.0, 0.0, 3.456016565905884e-05, 0.0, 0.4583333432674408, 1.0]"
56,1,1,-0.0,False,"[0.0, 0.0, 0.0, 0.0, 0.0, 0.0004011014534626156, 0.0, 0.20666666328907013, 0.0, 9.594767131739765e-20, 0.0, 0.0, 0.0, 0.022291051223874092, 0.0, 0.006666666828095913, 0.0, 0.0, 0.0, 0.0, 0.0, 3.456016565905884e-05, 0.0, 0.4583333432674408, 1.0]","[0.0, 0.0, 0.0, 0.0, 0.0, 0.0002567049232311547, 0.0, 0.23999999463558197, 0.0, 7.655882463395436e-23, 0.0, 0.0, 0.0, 0.014266273006796837, 0.0, 0.03999999910593033, 0.0, 0.0, 0.0, 0.0, 0.0, 2.2118505512480624e-05, 0.0, 0.49166667461395264, 1.0]"
57,1,1,-0.0,False,"[0.0, 0.0, 0.0, 0.0, 0.0, 0.0002567049232311547, 0.0, 0.23999999463558197, 0.0, 7.655882463395436e-23, 0.0, 0.0, 0.0, 0.014266273006796837, 0.0, 0.03999999910593033, 0.0, 0.0, 0.0, 0.0, 0.0, 2.2118505512480624e-05, 0.0, 0.49166667461395264, 1.0]","[0.0, 0.0, 0.0, 0.0, 0.0, 0.00016429115203209221, 0.0, 0.273333340883255, 0.0, 6.108802031968266e-26, 0.0, 0.0, 0.0, 0.009130414575338364, 0.0, 0.021666666492819786, 0.0, 0.0, 0.0, 0.0, 0.0, 1.4155843928165268e-05, 0.0, 0.5249999761581421, 1.0]"
58,1,1,-0.0,False,"[0.0, 0.0, 0.0, 0.0, 0.0, 0.00016429115203209221, 0.0, 0.273333340883255, 0.0, 6.108802031968266e-26, 0.0, 0.0, 0.0, 0.009130414575338364, 0.0, 0.021666666492819786, 0.0, 0.0, 0.0, 0.0, 0.0, 1.4155843928165268e-05, 0.0, 0.5249999761581421, 1.0]","[0.0, 0.0, 0.0, 0.0, 0.0, 0.00010514634050196037, 0.0, 0.30666667222976685, 0.0, 4.8743514435038996e-29, 0.0, 0.0, 0.0, 0.005843465216457844, 0.0, 0.054999999701976776, 0.0, 0.0, 0.0, 0.0, 0.0, 9.05973956832895e-06, 0.0, 0.021666666492819786, 1.0]"
59,1,1,-0.0,False,"[0.0, 0.0, 0.0, 0.0, 0.0, 0.00010514634050196037, 0.0, 0.30666667222976685, 0.0, 4.8743514435038996e-29, 0.0, 0.0, 0.0, 0.005843465216457844, 0.0, 0.054999999701976776, 0.0, 0.0, 0.0, 0.0, 0.0, 9.05973956832895e-06, 0.0, 0.021666666492819786, 1.0]","[0.0, 0.0, 0.0, 0.0, 0.0, 6.729365850333124e-05, 0.0, 0.3400000035762787, 0.0, 3.8893555137034133e-32, 0.0, 0.0, 0.0, 0.0037398177664726973, 0.0, 0.08833333104848862, 0.0, 0.0, 0.0, 0.0, 0.0, 5.7982333601103164e-06, 0.0, 0.054999999701976776, 1.0]"
60,1,1,-0.0,False,"[0.0, 0.0, 0.0, 0.0, 0.0, 6.729365850333124e-05, 0.0, 0.3400000035762787, 0.0, 3.8893555137034133e-32, 0.0, 0.0, 0.0, 0.0037398177664726973, 0.0, 0.08833333104848862, 0.0, 0.0, 0.0, 0.0, 0.0, 5.7982333601103164e-06, 0.0, 0.054999999701976776, 1.0]","[0.0, 0.0, 0.0, 0.0, 0.0, 4.306793925934471e-05, 0.0, 0.3733333349227905, 0.0, 3.103404957272911e-35, 0.0, 0.0, 0.0, 0.002393483417108655, 0.0, 0.12166666984558105, 0.0, 0.0, 0.0, 0.0, 0.0, 3.7108693504706025e-06, 0.0, 0.08833333104848862, 1.0]"
61,1,1,-1.800761244694392,False,"[0.0, 0.0, 0.0, 0.0, 0.0, 4.306793925934471e-05, 0.0, 0.3733333349227905, 0.0, 3.103404957272911e-35, 0.0, 0.0, 0.0, 0.002393483417108655, 0.0, 0.12166666984558105, 0.0, 0.0, 0.0, 0.0, 0.0, 3.7108693504706025e-06, 0.0, 0.08833333104848862, 1.0]","[0.0, 7.641912088729441e-05, 0.08944407850503922, 0.09225805103778839, 0.0, 0.16002756357192993, 0.0, 0.40666666626930237, 0.0, 2.4762771157816997e-38, 0.0, 0.0, 0.0, 0.001531829359009862, 0.0, 0.1550000011920929, 0.0, 0.0, 0.0, 0.0, 0.0, 2.3749564661557088e-06, 0.0, 0.12166666984558105, 1.0]"
62,1,1,-5.67634714047114,False,"[0.0, 7.641912088729441e-05, 0.08944407850503922, 0.09225805103778839, 0.0, 0.16002756357192993, 0.0, 0.40666666626930237, 0.0, 2.4762771157816997e-38, 0.0, 0.0, 0.0, 0.001531829359009862, 0.0, 0.1550000011920929, 0.0, 0.0, 0.0, 0.0, 0.0, 2.3749564661557088e-06, 0.0, 0.12166666984558105, 1.0]","[0.0, 6.097655358416887e-08, 0.19134318828582764, 0.19134318828582764, 0.0, 0.10241764038801193, 0.0, 0.4399999976158142, 0.0, 1.975830834697992e-41, 0.0, 0.0, 0.0, 0.0009803707944229245, 0.0, 0.18833333253860474, 0.0, 0.0, 0.0, 0.0, 0.0, 1.5199721019598655e-06, 0.0, 0.1550000011920929, 1.0]"
63,1,1,-9.978960887591045,False,"[0.0, 6.097655358416887e-08, 0.19134318828582764, 0.19134318828582764, 0.0, 0.10241764038801193, 0.0, 0.4399999976158142, 0.0, 1.975830834697992e-41, 0.0, 0.0, 0.0, 0.0009803707944229245, 0.0, 0.18833333253860474, 0.0, 0.0, 0.0, 0.0, 0.0, 1.5199721019598655e-06, 0.0, 0.1550000011920929, 1.0]","[0.0, 4.865457342573265e-11, 0.2970663607120514, 0.2970663607120514, 0.0, 0.06554728746414185, 0.0, 0.47333332896232605, 0.0, 1.5414283107572988e-44, 0.0, 0.0, 0.0, 0.000627437315415591, 0.0, 0.22166666388511658, 0.0, 0.0, 0.0, 0.0, 0.0, 9.727821179694729e-07, 0.0, 0.021666666492819786, 1.0]"
64,1,1,-5.120929080115425,False,"[0.0, 4.865457342573265e-11, 0.2970663607120514, 0.2970663607120514, 0.0, 0.06554728746414185, 0.0, 0.47333332896232605, 0.0, 1.5414283107572988e-44, 0.0, 0.0, 0.0, 0.000627437315415591, 0.0, 0.22166666388511658, 0.0, 0.0, 0.0, 0.0, 0.0, 9.727821179694729e-07, 0.0, 0.021666666492819786, 1.0]","[0.20000000298023224, 0.1955917328596115, 0.11278856545686722, 0.389428973197937, 0.0, 0.5219502449035645, 0.0, 0.5066666603088379, 0.0, 0.0, 0.0, 0.0, 0.0, 0.0004015598678961396, 0.0, 0.2549999952316284, 0.0, 0.0, 0.0, 0.0, 0.0, 6.225805577741994e-07, 0.0, 0.0033333334140479565, 1.0]"
65,1,0,-3.347526628441281,False,"[0.20000000298023224, 0.1955917328596115, 0.11278856545686722, 0.389428973197937, 0.0, 0.5219502449035645, 0.0, 0.5066666603088379, 0.0, 0.0, 0.0, 0.0, 0.0, 0.0004015598678961396, 0.0, 0.2549999952316284, 0.0, 0.0, 0.0, 0.0, 0.0, 6.225805577741994e-07, 0.0, 0.0033333334140479565, 1.0]","[0.0, 0.006328902207314968, 0.0, 0.0, 0.0, 0.33404818177223206, 0.0, 0.03333333507180214, 0.0, 0.0, 0.0, 0.0, 0.0, 0.000256998318945989, 0.0, 0.28833332657814026, 0.0, 0.0, 0.0, 0.0, 0.0, 3.9845156152296113e-07, 0.0, 0.036666665226221085, 0.0]"
66,1,0,-0.0,False,"[0.0, 0.006328902207314968, 0.0, 0.0, 0.0, 0.33404818177223206, 0.0, 0.03333333507180214, 0.0, 0.0, 0.0, 0.0, 0.0, 0.000256998318945989, 0.0, 0.28833332657814026, 0.0, 0.0, 0.0, 0.0, 0.0, 3.9845156152296113e-07, 0.0, 0.036666665226221085, 0.0]","[0.0, 5.049974788562395e-06, 0.0, 0.0, 0.0, 0.21379083395004272, 0.0, 0.06666667014360428, 0.0, 0.0, 0.0, 0.0, 0.0, 0.00016447892994619906, 0.0, 0.3216666579246521, 0.0, 0.0, 0.0, 0.0, 0.0, 2.5500901301711565e-07, 0.0, 0.07000000029802322, 0.0]"
67,1,0,-0.0,False,"[0.0, 5.049974788562395e-06, 0.0, 0.0, 0.0, 0.21379083395004272, 0.0, 0.06666667014360428, 0.0, 0.0, 0.0, 0.0, 0.0, 0.00016447892994619906, 0.0, 0.3216666579246521, 0.0, 0.0, 0.0, 0.0, 0.0, 2.5500901301711565e-07, 0.0, 0.07000000029802322, 0.0]","[0.0, 4.029489186763158e-09, 0.0, 0.0, 0.0, 0.13682612776756287, 0.0, 0.10000000149011612, 0.0, 0.0, 0.0, 0.0, 0.0, 0.00010526651021791622, 0.0, 0.35499998927116394, 0.0, 0.0, 0.0, 0.0, 0.0, 1.632057688993882e-07, 0.0, 0.10333333164453506, 0.0]"
68,1,0,-1.433176690340042,False,"[0.0, 4.029489186763158e-09, 0.0, 0.0, 0.0, 0.13682612776756287, 0.0, 0.10000000149011612, 0.0, 0.0, 0.0, 0.0, 0.0, 0.00010526651021791622, 0.0, 0.35499998927116394, 0.0, 0.0, 0.0, 0.0, 0.0, 1.632057688993882e-07, 0.0, 0.10333333164453506, 0.0]","[0.0, 3.2152208413044336e-12, 0.0, 0.0, 0.0, 0.0875687226653099, 0.0, 0.13333334028720856, 0.05000000074505806, 0.020145000889897346, 0.0072648655623197556, 0.014529731124639511, 0.0, 6.737056537531316e-05, 0.0, 0.3883333206176758, 0.05000000074505806, 0.05021517723798752, 0.07154077291488647, 0.0836680606007576, 0.0, 0.2600001096725464, 0.0, 0.1366666704416275, 0.0]"
69,1,0,-7.947717554039425,False,"[0.0, 3.2152208413044336e-12, 0.0, 0.0, 0.0, 0.0875687226653099, 0.0, 0.13333334028720856, 0.05000000074505806, 0.020145000889897346, 0.0072648655623197556, 0.014529731124639511, 0.0, 6.737056537531316e-05, 0.0, 0.3883333206176758, 0.05000000074505806, 0.05021517723798752, 0.07154077291488647, 0.0836680606007576, 0.0, 0.2600001096725464, 0.0, 0.1366666704416275, 0.0]","[0.0, 2.5654974140503243e-15, 0.0, 0.0, 0.0, 0.05604398250579834, 0.0, 0.1666666716337204, 0.10000000149011612, 0.06497617810964584, 0.07554952055215836, 0.12058914452791214, 0.0, 0.1600431203842163, 0.0, 0.4216666519641876, 0.0, 0.00016633635095786303, 0.18968723714351654, 0.18968723714351654, 0.0, 0.16640006005764008, 0.0, 0.17000000178813934, 0.0]"
70,1,1,-12.503184769550957,False,"[0.0, 2.5654974140503243e-15, 0.0, 0.0, 0.0, 0.05604398250579834, 0.0, 0.1666666716337204, 0.10000000149011612, 0.06497617810964584, 0.07554952055215836, 0.12058914452791214, 0.0, 0.1600431203842163, 0.0, 0.4216666519641876, 0.0, 0.00016633635095786303, 0.18968723714351654, 0.18968723714351654, 0.0, 0.16640006005764008, 0.0, 0.17000000178813934, 0.0]","[0.0, 2.0470685296380555e-18, 0.0, 0.0, 0.0, 0.03586814925074577, 0.0, 0.0033333334140479565, 0.10000000149011612, 0.10031783580780029, 0.061072397977113724, 0.10391688346862793, 0.0, 0.3824276030063629, 0.0, 0.03333333507180214, 0.0, 1.3272354237869877e-07, 0.2936036288738251, 0.2936036288738251, 0.0, 0.10649604350328445, 0.0, 0.03333333507180214, 1.0]"
71,1,1,-18.71371182401975,False,"[0.0, 2.0470685296380555e-18, 0.0, 0.0, 0.0, 0.03586814925074577, 0.0, 0.0033333334140479565, 0.10000000149011612, 0.10031783580780029, 0.061072397977113724, 0.10391688346862793, 0.0, 0.3824276030063629, 0.0, 0.03333333507180214, 0.0, 1.3272354237869877e-07, 0.2936036288738251, 0.2936036288738251, 0.0, 0.10649604350328445, 0.0, 0.03333333507180214, 1.0]","[0.0, 1.633402415166458e-21, 0.0, 0.0, 0.0, 0.02295561507344246, 0.0, 0.036666665226221085, 0.0, 0.0032217656262218952, 0.19866999983787537, 0.19866999983787537, 0.0, 0.32475367188453674, 0.0, 0.06666667014360428, 0.0, 1.0590311960712029e-10, 0.38819795846939087, 0.38819795846939087, 0.0, 0.06815746426582336, 0.0, 0.06666667014360428, 1.0]"
72,1,1,-21.408253423372905,False,"[0.0, 1.633402415166458e-21, 0.0, 0.0, 0.0, 0.02295561507344246, 0.0, 0.036666665226221085, 0.0, 0.0032217656262218952, 0.19866999983787537, 0.19866999983787537, 0.0, 0.32475367188453674, 0.0, 0.06666667014360428, 0.0, 1.0590311960712029e-10, 0.38819795846939087, 0.38819795846939087, 0.0, 0.06815746426582336, 0.0, 0.06666667014360428, 1.0]","[0.0, 0.0006053040851838887, 0.04231943562626839, 0.04231943562626839, 0.0, 0.1146915927529335, 0.0, 0.018333332613110542, 0.0, 2.570719743744121e-06, 0.0, 0.0, 0.0, 0.20784235000610352, 0.0, 0.10000000149011612, 0.0, 8.450250048308572e-14, 0.4807164967060089, 0.4807164967060089, 0.0, 0.04362078011035919, 0.0, 0.10000000149011612, 1.0]"
73,1,1,-18.612324321269988,False,"[0.0, 0.0006053040851838887, 0.04231943562626839, 0.04231943562626839, 0.0, 0.1146915927529335, 0.0, 0.018333332613110542, 0.0, 2.570719743744121e-06, 0.0, 0.0, 0.0, 0.20784235000610352, 0.0, 0.10000000149011612, 0.0, 8.450250048308572e-14, 0.4807164967060089, 0.4807164967060089, 0.0, 0.04362078011035919, 0.0, 0.10000000149011612, 1.0]","[0.0, 0.0006057870923541486, 0.08927030861377716, 0.13635125756263733, 0.0, 0.17340262234210968, 0.0, 0.05166666582226753, 0.0, 2.0512356257995634e-09, 0.0, 0.0, 0.0, 0.1330191045999527, 0.0, 0.13333334028720856, 0.05000000074505806, 0.044982269406318665, 0.2120526283979416, 0.5750612020492554, 0.05000000074505806, 0.1279173046350479, 0.0, 0.13333334028720856, 1.0]"
74,1,1,-17.804196099440258,False,"[0.0, 0.0006057870923541486, 0.08927030861377716, 0.13635125756263733, 0.0, 0.17340262234210968, 0.0, 0.05166666582226753, 0.0, 2.0512356257995634e-09, 0.0, 0.0, 0.0, 0.1330191045999527, 0.0, 0.13333334028720856, 0.05000000074505806, 0.044982269406318665, 0.2120526283979416, 0.5750612020492554, 0.05000000074505806, 0.1279173046350479, 0.0, 0.13333334028720856, 1.0]","[0.0, 4.83371252357756e-07, 0.18451759219169617, 0.23159854114055634, 0.0, 0.11097767949104309, 0.0, 0.08500000089406967, 0.0, 1.6367274289358358e-12, 0.0, 0.0, 0.0, 0.08513222634792328, 0.0, 0.1666666716337204, 0.0, 0.008399495854973793, 0.40206289291381836, 0.6706689596176147, 0.05000000074505806, 0.16186706721782684, 0.0, 0.1666666716337204, 1.0]"
75,1,1,-28.750704046090444,False,"[0.0, 4.83371252357756e-07, 0.18451759219169617, 0.23159854114055634, 0.0, 0.11097767949104309, 0.0, 0.08500000089406967, 0.0, 1.6367274289358358e-12, 0.0, 0.0, 0.0, 0.08513222634792328, 0.0, 0.1666666716337204, 0.0, 0.008399495854973793, 0.40206289291381836, 0.6706689596176147, 0.05000000074505806, 0.16186706721782684, 0.0, 0.1666666716337204, 1.0]","[0.0, 3.8569286653356016e-10, 0.3260243535041809, 0.3260243535041809, 0.0, 0.07102571427822113, 0.0, 0.11833333224058151, 0.0, 1.305981867856282e-15, 0.0, 0.0, 0.0, 0.05448462441563606, 0.0, 0.20000000298023224, 0.0, 6.702148311887868e-06, 0.4963268041610718, 0.7649328708648682, 0.05000000074505806, 0.10359492897987366, 0.0, 0.20000000298023224, 1.0]"
76,1,1,-37.79940839211146,False,"[0.0, 3.8569286653356016e-10, 0.3260243535041809, 0.3260243535041809, 0.0, 0.07102571427822113, 0.0, 0.11833333224058151, 0.0, 1.305981867856282e-15, 0.0, 0.0, 0.0, 0.05448462441563606, 0.0, 0.20000000298023224, 0.0, 6.702148311887868e-06, 0.4963268041610718, 0.7649328708648682, 0.05000000074505806, 0.10359492897987366, 0.0, 0.20000000298023224, 1.0]","[0.0, 3.0775309058962697e-13, 0.42531323432922363, 0.42531323432922363, 0.0, 0.04545645788311958, 0.0, 0.15166667103767395, 0.0, 1.0420725197196833e-18, 0.0, 0.0, 0.0, 0.03487015888094902, 0.0, 0.23333333432674408, 0.0, 5.347795983823289e-09, 0.5953353643417358, 0.8639414310455322, 0.05000000074505806, 0.06630074977874756, 0.0, 0.23333333432674408, 1.0]"
77,1,1,-45.113479576508205,False,"[0.0, 3.0775309058962697e-13, 0.42531323432922363, 0.42531323432922363, 0.0, 0.04545645788311958, 0.0, 0.15166667103767395, 0.0, 1.0420725197196833e-18, 0.0, 0.0, 0.0, 0.03487015888094902, 0.0, 0.23333333432674408, 0.0, 5.347795983823289e-09, 0.5953353643417358, 0.8639414310455322, 0.05000000074505806, 0.06630074977874756, 0.0, 0.23333333432674408, 1.0]","[0.05000000074505806, 0.014999999664723873, 0.2603122591972351, 0.5206245183944702, 0.05000000074505806, 0.029092133045196533, 0.0, 0.1850000023841858, 0.0, 8.314932709456603e-22, 0.0, 0.0, 0.0, 0.02231690101325512, 0.0, 0.2666666805744171, 0.0, 4.267127883678112e-12, 0.6904147863388062, 0.9590208530426025, 0.05000000074505806, 0.04243248328566551, 0.0, 0.2666666805744171, 1.0]"
78,1,0,-35.76201534337467,False,"[0.05000000074505806, 0.014999999664723873, 0.2603122591972351, 0.5206245183944702, 0.05000000074505806, 0.029092133045196533, 0.0, 0.1850000023841858, 0.0, 8.314932709456603e-22, 0.0, 0.0, 0.0, 0.02231690101325512, 0.0, 0.2666666805744171, 0.0, 4.267127883678112e-12, 0.6904147863388062, 0.9590208530426025, 0.05000000074505806, 0.04243248328566551, 0.0, 0.2666666805744171, 1.0]","[0.05000000074505806, 0.04805750027298927, 0.061256103217601776, 0.09461979568004608, 0.0, 0.29861897230148315, 0.0, 0.03333333507180214, 0.0, 6.634673228163796e-25, 0.0, 0.0, 0.0, 0.014282817021012306, 0.0, 0.018333332613110542, 0.0, 3.404837819835898e-15, 0.7849646210670471, 1.0, 0.10000000149011612, 0.027156788855791092, 0.0, 0.03333333507180214, 0.0]"
